nivel,area_codigo,area_nombre,sigla,tipo,atributo,descripcion_completa,imp_2025_pct,imp_2026_pct,imp_2025_raw,imp_2026_raw,satisfaccion_2025,satisfaccion_2026,dif_satisfaccion,iaop_satisfaccion_pct,dif_imp_pp,var_imp_relativa_pct,ranking_imp_2025,ranking_imp_2026,dif_ranking,cuadrante_nombre_2025,cuadrante_codigo_2025,cuadrante_orden_2025,cuadrante_nombre_2026,cuadrante_codigo_2026,cuadrante_orden_2026
MACRO_DIMENSION,Calidad,Calidad,Calidad,MACRO,Calidad,Ponderación Macro Calidad,57.4113,55.448,0.574113,0.55448,75.22,77.63,2.41,3.21,-1.9633,-3.42,,,,,,,,,
MACRO_DIMENSION,Precio,Precio,Precio,MACRO,Precio,Ponderación Macro Precio,42.5887,44.552,0.425887,0.44552,10.75,9.28,-1.47,-13.71,1.9633,4.61,,,,,,,,,
AREA,SE,Suministro de energía,SE,IDAR,Suministro de energía,Suministro de energía,34.2805,33.7917,0.342804982669,0.337917113635,75.79,78.48,2.7,3.56,-0.4888,-1.43,,,,,,,,,
AREA,IC,Información y comunicación,IC,IDAR,Información y comunicación,Información y comunicación,21.5408,20.0888,0.215408125184,0.20088787568,46.46,52.03,5.57,11.99,-1.452,-6.74,,,,,,,,,
AREA,FE,Factura de energía,FE,IDAR,Factura de energía,Factura de energía,17.4087,19.5402,0.174086716899,0.195401746838,70.21,70.38,0.17,0.24,2.1315,12.24,,,,,,,,,
AREA,AT,Atención al cliente,AT,IDAR,Atención al cliente,Atención al cliente,17.746,17.0642,0.177460255828,0.170641884425,66.63,68.1,1.47,2.2,-0.6818,-3.84,,,,,,,,,
AREA,IM,Imagen,IM,IDAR,Imagen,Imagen,9.024,9.5151,0.09023991942,0.095151379422,56.54,60.53,3.99,7.05,0.4911,5.44,,,,,,,,,
ATRIBUTO,SE,Suministro de energía,,IDAT,Sin interrupción,"Suministro de energía sin interrupción, es decir, que no falte energía en su domicilio",7.9958,8.2568,0.079957663836,0.082568474806,83.52,85.92,2.4,2.87,0.261,3.26,1.0,1.0,0.0,Cuadrante III: Fortalezas Clave (2º Orden de Intervención - Prioridad para MANTENER),Cuadrante III,2º Orden de Intervención - Prioridad para MANTENER (Pilares rectores),Cuadrante III: Fortalezas Clave (2º Orden de Intervención - Prioridad para MANTENER),Cuadrante III,2º Orden de Intervención - Prioridad para MANTENER (Pilares rectores)
ATRIBUTO,IC,Información y comunicación,,IDAT,Notificación de interrupción,Comunicación previa en el caso de interrupciones debido a mantenimiento programado para mejora en la red,6.1043,5.8543,0.061042583335,0.058542654241,59.48,58.86,-0.62,-1.04,-0.25,-4.1,2.0,2.0,0.0,Cuadrante I: Cuadrante Foco / Alto Impacto (1º Orden de Intervención),Cuadrante I,1º Orden de Intervención - Cuadrante Foco (Mejoras graduales y escalables destacadas),Cuadrante I: Cuadrante Foco / Alto Impacto (1º Orden de Intervención),Cuadrante I,1º Orden de Intervención - Cuadrante Foco (Mejoras graduales y escalables destacadas)
ATRIBUTO,SE,Suministro de energía,,IDAT,Rapidez en la reanudación de la energía cuando falta,"Agilidad en la reanudación/restablecimiento del servicio eléctrico cuando falta, es decir, el tiempo que tarda en volver la energía en su domicilio",5.6182,5.5012,0.056182421019,0.055011708787,70.42,72.12,1.7,2.41,-0.117,-2.08,4.0,3.0,1.0,Cuadrante III: Fortalezas Clave (2º Orden de Intervención - Prioridad para MANTENER),Cuadrante III,2º Orden de Intervención - Prioridad para MANTENER (Pilares rectores),Cuadrante III: Fortalezas Clave (2º Orden de Intervención - Prioridad para MANTENER),Cuadrante III,2º Orden de Intervención - Prioridad para MANTENER (Pilares rectores)
ATRIBUTO,AT,Atención al cliente,,IDAT,Facilidad para contactarse,Facilidad para contactar la distribuidora cuando necesita pedir informaciones o servicios,4.5991,5.494,0.04599121512,0.054939608663,57.86,58.32,0.46,0.8,0.8949,19.46,5.0,4.0,1.0,Cuadrante I: Cuadrante Foco / Alto Impacto (1º Orden de Intervención),Cuadrante I,1º Orden de Intervención - Cuadrante Foco (Mejoras graduales y escalables destacadas),Cuadrante I: Cuadrante Foco / Alto Impacto (1º Orden de Intervención),Cuadrante I,1º Orden de Intervención - Cuadrante Foco (Mejoras graduales y escalables destacadas)
ATRIBUTO,SE,Suministro de energía,,IDAT,Sin variación de voltaje,"Suministro de energía sin variación de voltaje en su domicilio, es decir, sin bajones o parpadeos",5.8086,5.3976,0.058085505466,0.053976020855,73.4,77.4,4.01,5.46,-0.411,-7.08,3.0,5.0,-2.0,Cuadrante III: Fortalezas Clave (2º Orden de Intervención - Prioridad para MANTENER),Cuadrante III,2º Orden de Intervención - Prioridad para MANTENER (Pilares rectores),Cuadrante III: Fortalezas Clave (2º Orden de Intervención - Prioridad para MANTENER),Cuadrante III,2º Orden de Intervención - Prioridad para MANTENER (Pilares rectores)
ATRIBUTO,FE,Factura de energía,,IDAT,Plazo entre la recepción y el vencimiento,Plazo entre la recepción de la factura de energía y su fecha de vencimiento (número de días entre la recepción de la factura y el vencimiento),4.0493,5.1057,0.040492739263,0.051056568497,60.48,63.12,2.64,4.36,1.0564,26.09,7.0,6.0,1.0,Cuadrante I: Cuadrante Foco / Alto Impacto (1º Orden de Intervención),Cuadrante I,1º Orden de Intervención - Cuadrante Foco (Mejoras graduales y escalables destacadas),Cuadrante I: Cuadrante Foco / Alto Impacto (1º Orden de Intervención),Cuadrante I,1º Orden de Intervención - Cuadrante Foco (Mejoras graduales y escalables destacadas)
ATRIBUTO,FE,Factura de energía,,IDAT,Factura sin errores,Factura sin errores (con la lectura del contador/medidor y los cálculos correctos),3.9094,4.5405,0.039093948059,0.045404709268,72.46,69.56,-2.9,-4.0,0.6311,16.14,9.0,7.0,2.0,Cuadrante III: Fortalezas Clave (2º Orden de Intervención - Prioridad para MANTENER),Cuadrante III,2º Orden de Intervención - Prioridad para MANTENER (Pilares rectores),Cuadrante III: Fortalezas Clave (2º Orden de Intervención - Prioridad para MANTENER),Cuadrante III,2º Orden de Intervención - Prioridad para MANTENER (Pilares rectores)
ATRIBUTO,AT,Atención al cliente,,IDAT,Tiempo de espera hasta ser atendido,"Tiempo de espera hasta ser atendido, es decir, el tiempo en filas o esperando en un teléfono u otro canal de atención ofrecido por la distribuidora",4.1761,4.2913,0.041761395213,0.042913328365,54.48,55.59,1.11,2.04,0.1152,2.76,6.0,8.0,-2.0,Cuadrante I: Cuadrante Foco / Alto Impacto (1º Orden de Intervención),Cuadrante I,1º Orden de Intervención - Cuadrante Foco (Mejoras graduales y escalables destacadas),Cuadrante I: Cuadrante Foco / Alto Impacto (1º Orden de Intervención),Cuadrante I,1º Orden de Intervención - Cuadrante Foco (Mejoras graduales y escalables destacadas)
ATRIBUTO,IC,Información y comunicación,,IDAT,Riesgos y peligros,Orientaciones brindadas por la distribuidora respecto a los riesgos eléctricos y peligros en el uso de la energía eléctrica,3.9123,3.6781,0.039123106881,0.036780713531,42.52,50.08,7.56,17.78,-0.2342,-5.99,8.0,9.0,-1.0,Cuadrante I: Cuadrante Foco / Alto Impacto (1º Orden de Intervención),Cuadrante I,1º Orden de Intervención - Cuadrante Foco (Mejoras graduales y escalables destacadas),Cuadrante I: Cuadrante Foco / Alto Impacto (1º Orden de Intervención),Cuadrante I,1º Orden de Intervención - Cuadrante Foco (Mejoras graduales y escalables destacadas)
ATRIBUTO,FE,Factura de energía,,IDAT,Facilidad de comprensión,Facilidad de comprensión de las informaciones (conceptos y contenidos) que están en la factura,3.269,3.6202,0.032690443995,0.036202474151,65.58,62.19,-3.39,-5.17,0.3512,10.74,15.0,10.0,5.0,Cuadrante IV: Ventajas Secundarias (3º Orden de Intervención),Cuadrante IV,3º Orden de Intervención - Bajar eficiencia para hacer foco en cuadrantes más importantes,Cuadrante I: Cuadrante Foco / Alto Impacto (1º Orden de Intervención),Cuadrante I,1º Orden de Intervención - Cuadrante Foco (Mejoras graduales y escalables destacadas)
ATRIBUTO,IC,Información y comunicación,,IDAT,Medición del consumo de energía,"Informaciones brindadas por la distribuidora respecto a la medición del consumo de energía (ej.: cómo se hace, cómo leer el medidor)",3.6155,3.4161,0.036155154601,0.034160624342,39.15,44.52,5.37,13.71,-0.1994,-5.52,11.0,11.0,0.0,Cuadrante I: Cuadrante Foco / Alto Impacto (1º Orden de Intervención),Cuadrante I,1º Orden de Intervención - Cuadrante Foco (Mejoras graduales y escalables destacadas),Cuadrante I: Cuadrante Foco / Alto Impacto (1º Orden de Intervención),Cuadrante I,1º Orden de Intervención - Cuadrante Foco (Mejoras graduales y escalables destacadas)
ATRIBUTO,AT,Atención al cliente,,IDAT,Conocimiento sobre el tema,Conocimiento que los empleados tienen sobre el tema,3.3498,3.3108,0.033498096096,0.033107811067,71.61,74.52,2.91,4.06,-0.039,-1.16,14.0,12.0,2.0,Cuadrante III: Fortalezas Clave (2º Orden de Intervención - Prioridad para MANTENER),Cuadrante III,2º Orden de Intervención - Prioridad para MANTENER (Pilares rectores),Cuadrante IV: Ventajas Secundarias (3º Orden de Intervención),Cuadrante IV,3º Orden de Intervención - Bajar eficiencia para hacer foco en cuadrantes más importantes
ATRIBUTO,AT,Atención al cliente,,IDAT,Duración de la atención,El tiempo que dura la atención - agilidad de los empleados en el momento de la atención al cliente,3.3503,3.198,0.033503338561,0.031979996298,66.67,69.46,2.8,4.19,-0.1523,-4.55,13.0,13.0,0.0,Cuadrante III: Fortalezas Clave (2º Orden de Intervención - Prioridad para MANTENER),Cuadrante III,2º Orden de Intervención - Prioridad para MANTENER (Pilares rectores),Cuadrante IV: Ventajas Secundarias (3º Orden de Intervención),Cuadrante IV,3º Orden de Intervención - Bajar eficiencia para hacer foco en cuadrantes más importantes
ATRIBUTO,AT,Atención al cliente,,IDAT,Solución definitiva del problema,Solución definitiva del problema reportado (no necesita hacer el pedido otra vez),3.2156,3.1064,0.032156083008,0.031063862266,69.03,68.71,-0.32,-0.47,-0.1092,-3.4,16.0,14.0,2.0,Cuadrante IV: Ventajas Secundarias (3º Orden de Intervención),Cuadrante IV,3º Orden de Intervención - Bajar eficiencia para hacer foco en cuadrantes más importantes,Cuadrante IV: Ventajas Secundarias (3º Orden de Intervención),Cuadrante IV,3º Orden de Intervención - Bajar eficiencia para hacer foco en cuadrantes más importantes
ATRIBUTO,IC,Información y comunicación,,IDAT,Uso eficiente,"Orientaciones brindadas por la distribuidora respecto al uso eficiente de la energía, para que no se desperdicie",3.7649,3.0378,0.037649370977,0.030377675273,50.17,57.81,7.64,15.23,-0.7271,-19.31,10.0,15.0,-5.0,Cuadrante I: Cuadrante Foco / Alto Impacto (1º Orden de Intervención),Cuadrante I,1º Orden de Intervención - Cuadrante Foco (Mejoras graduales y escalables destacadas),Cuadrante II: Baja Prioridad (Último Orden de Intervención),Cuadrante II,Último Orden de Intervención - Monitoreo sin asignación intensiva
ATRIBUTO,IC,Información y comunicación,,IDAT,Derechos y deberes,Orientaciones brindadas por la distribuidora respecto a sus derechos y deberes como cliente de energía eléctrica,2.9439,2.9935,0.029438779549,0.029934969285,40.4,48.37,7.97,19.72,0.0496,1.68,18.0,16.0,2.0,Cuadrante II: Baja Prioridad (Último Orden de Intervención),Cuadrante II,Último Orden de Intervención - Monitoreo sin asignación intensiva,Cuadrante II: Baja Prioridad (Último Orden de Intervención),Cuadrante II,Último Orden de Intervención - Monitoreo sin asignación intensiva
ATRIBUTO,FE,Factura de energía,,IDAT,Fechas para el vencimiento,"Conveniencia de la fecha del vencimiento de la factura, es decir, el día que tiene que pagar la factura",2.6227,2.8625,0.026226516796,0.028624565711,64.57,70.97,6.39,9.9,0.2398,9.14,20.0,17.0,3.0,Cuadrante II: Baja Prioridad (Último Orden de Intervención),Cuadrante II,Último Orden de Intervención - Monitoreo sin asignación intensiva,Cuadrante IV: Ventajas Secundarias (3º Orden de Intervención),Cuadrante IV,3º Orden de Intervención - Bajar eficiencia para hacer foco en cuadrantes más importantes
ATRIBUTO,AT,Atención al cliente,,IDAT,Calidad de la atención,"Calidad de la atención, en cuanto a la cortesía, respeto y amabilidad con el cliente",3.3742,2.7115,0.033741791327,0.027115433481,75.22,77.63,2.41,3.21,-0.6627,-19.64,12.0,18.0,-6.0,Cuadrante III: Fortalezas Clave (2º Orden de Intervención - Prioridad para MANTENER),Cuadrante III,2º Orden de Intervención - Prioridad para MANTENER (Pilares rectores),Cuadrante IV: Ventajas Secundarias (3º Orden de Intervención),Cuadrante IV,3º Orden de Intervención - Bajar eficiencia para hacer foco en cuadrantes más importantes
ATRIBUTO,AT,Atención al cliente,,IDAT,Claridad en la información,Facilidad de comprensión de las informaciones dadas por las personas que atienden (Claridad de la información brindada por el personal que atiende),3.0261,2.6702,0.03026078725,0.026702408713,72.62,73.08,0.46,0.63,-0.3559,-11.76,17.0,19.0,-2.0,Cuadrante IV: Ventajas Secundarias (3º Orden de Intervención),Cuadrante IV,3º Orden de Intervención - Bajar eficiencia para hacer foco en cuadrantes más importantes,Cuadrante IV: Ventajas Secundarias (3º Orden de Intervención),Cuadrante IV,3º Orden de Intervención - Bajar eficiencia para hacer foco en cuadrantes más importantes
ATRIBUTO,IM,Imagen,,IDAT,Respeta los derechos de los clientes,Empresa que respeta los derechos de los clientes,2.3202,2.5343,0.023201526343,0.025342675193,56.49,59.87,3.37,5.97,0.2141,9.23,22.0,20.0,2.0,Cuadrante II: Baja Prioridad (Último Orden de Intervención),Cuadrante II,Último Orden de Intervención - Monitoreo sin asignación intensiva,Cuadrante II: Baja Prioridad (Último Orden de Intervención),Cuadrante II,Último Orden de Intervención - Monitoreo sin asignación intensiva
ATRIBUTO,FE,Factura de energía,,IDAT,Locales para el pago,"Disponibilidad de puntos de pago, tales como bancos, internet, supermercados o similares",2.5886,2.3325,0.025885713508,0.023325085368,88.89,85.97,-2.92,-3.28,-0.2561,-9.89,21.0,21.0,0.0,Cuadrante IV: Ventajas Secundarias (3º Orden de Intervención),Cuadrante IV,3º Orden de Intervención - Bajar eficiencia para hacer foco en cuadrantes más importantes,Cuadrante IV: Ventajas Secundarias (3º Orden de Intervención),Cuadrante IV,3º Orden de Intervención - Bajar eficiencia para hacer foco en cuadrantes más importantes
ATRIBUTO,AT,Atención al cliente,,IDAT,Plazo informado,Plazo para la resolución del problema reportado o realización de los servicios solicitados,2.7682,2.3007,0.027681738525,0.023006854479,64.81,66.44,1.63,2.51,-0.4675,-16.89,19.0,22.0,-3.0,Cuadrante IV: Ventajas Secundarias (3º Orden de Intervención),Cuadrante IV,3º Orden de Intervención - Bajar eficiencia para hacer foco en cuadrantes más importantes,Cuadrante IV: Ventajas Secundarias (3º Orden de Intervención),Cuadrante IV,3º Orden de Intervención - Bajar eficiencia para hacer foco en cuadrantes más importantes
ATRIBUTO,IM,Imagen,,IDAT,Correcta con los clientes,"Empresa correcta con sus clientes, que si comete errores los corregirá - Empresa justa",2.1685,2.1867,0.021685236554,0.02186742664,55.01,60.27,5.27,9.57,0.0182,0.84,24.0,23.0,1.0,Cuadrante II: Baja Prioridad (Último Orden de Intervención),Cuadrante II,Último Orden de Intervención - Monitoreo sin asignación intensiva,Cuadrante II: Baja Prioridad (Último Orden de Intervención),Cuadrante II,Último Orden de Intervención - Monitoreo sin asignación intensiva
ATRIBUTO,IM,Imagen,,IDAT,Invierte para proveer energía con calidad,Empresa que invierte para proveer energía a más clientes y con calidad,1.8685,2.1595,0.018685064731,0.021595189149,58.79,61.67,2.88,4.9,0.291,15.57,25.0,24.0,1.0,Cuadrante II: Baja Prioridad (Último Orden de Intervención),Cuadrante II,Último Orden de Intervención - Monitoreo sin asignación intensiva,Cuadrante II: Baja Prioridad (Último Orden de Intervención),Cuadrante II,Último Orden de Intervención - Monitoreo sin asignación intensiva
ATRIBUTO,AT,Atención al cliente,,IDAT,Cumplimiento del plazo,Cumplimiento de los plazos informados para resolver las solicitudes de los clientes,2.3041,1.9368,0.023040519583,0.019367703995,67.49,69.16,1.67,2.48,-0.3673,-15.94,23.0,25.0,-2.0,Cuadrante IV: Ventajas Secundarias (3º Orden de Intervención),Cuadrante IV,3º Orden de Intervención - Bajar eficiencia para hacer foco en cuadrantes más importantes,Cuadrante IV: Ventajas Secundarias (3º Orden de Intervención),Cuadrante IV,3º Orden de Intervención - Bajar eficiencia para hacer foco en cuadrantes más importantes
ATRIBUTO,IM,Imagen,,IDAT,Dispuesta a negociar con sus clientes (flexible),"Empresa flexible, o sea, que está dispuesta a negociar/escuchar a sus clientes para resolver sus inquietudes",1.5749,1.6366,0.01574941778,0.016366315797,52.99,56.72,3.73,7.04,0.0617,3.92,26.0,26.0,0.0,Cuadrante II: Baja Prioridad (Último Orden de Intervención),Cuadrante II,Último Orden de Intervención - Monitoreo sin asignación intensiva,Cuadrante II: Baja Prioridad (Último Orden de Intervención),Cuadrante II,Último Orden de Intervención - Monitoreo sin asignación intensiva
ATRIBUTO,IM,Imagen,,IDAT,Ofrece atención sin discriminación,"Empresa que ofrece la misma atención a todos los clientes, que no promueve ningún tipo de discriminación",1.5297,1.5536,0.015297258397,0.01553605186,63.25,68.43,5.18,8.19,0.0239,1.56,27.0,27.0,0.0,Cuadrante II: Baja Prioridad (Último Orden de Intervención),Cuadrante II,Último Orden de Intervención - Monitoreo sin asignación intensiva,Cuadrante IV: Ventajas Secundarias (3º Orden de Intervención),Cuadrante IV,3º Orden de Intervención - Bajar eficiencia para hacer foco en cuadrantes más importantes
ATRIBUTO,IM,Imagen,,IDAT,Informa a sus clientes con respecto a su actuación,Empresa que busca informar y aclarar a sus clientes con respecto a su actuación,1.3527,1.5179,0.013526930745,0.015179338132,52.67,55.0,2.33,4.43,0.1652,12.21,30.0,28.0,2.0,Cuadrante II: Baja Prioridad (Último Orden de Intervención),Cuadrante II,Último Orden de Intervención - Monitoreo sin asignación intensiva,Cuadrante II: Baja Prioridad (Último Orden de Intervención),Cuadrante II,Último Orden de Intervención - Monitoreo sin asignación intensiva
ATRIBUTO,IM,Imagen,,IDAT,Se ocupa de evitar hurtos de energía,"Empresa que se ocupa de evitar fraudes como los hurtos de energía, etc",1.4316,1.488,0.014315656408,0.014879507901,57.07,59.25,2.18,3.83,0.0564,3.94,28.0,29.0,-1.0,Cuadrante II: Baja Prioridad (Último Orden de Intervención),Cuadrante II,Último Orden de Intervención - Monitoreo sin asignación intensiva,Cuadrante II: Baja Prioridad (Último Orden de Intervención),Cuadrante II,Último Orden de Intervención - Monitoreo sin asignación intensiva
ATRIBUTO,IM,Imagen,,IDAT,Se ocupa del medio ambiente,"Empresa que se ocupa del medio ambiente, de la preservación de la naturaleza",1.388,1.307,0.013879997073,0.013070243885,56.31,63.46,7.15,12.7,-0.081,-5.84,29.0,30.0,-1.0,Cuadrante II: Baja Prioridad (Último Orden de Intervención),Cuadrante II,Último Orden de Intervención - Monitoreo sin asignación intensiva,Cuadrante II: Baja Prioridad (Último Orden de Intervención),Cuadrante II,Último Orden de Intervención - Monitoreo sin asignación intensiva
